# avg_waiting_times, avg_queue_lengths
5.457141843756874167e+00,5.103254769921436562e+00
6.651817958174733647e+00,5.663687150837988682e+00
2.872384587031458381e+00,2.319444444444444642e+00
